"";"NDepto";"NMpio";"num_puestos";"num_mesas";"grupo"
"1";"ANTIOQUIA";"AMALFI";1;48;"G1"
"2";"ANTIOQUIA";"ANZA";2;16;"G1"
"3";"ANTIOQUIA";"ARBOLETES";8;66;"G1"
"4";"ANTIOQUIA";"BRICEÑO";1;13;"G1"
"5";"ANTIOQUIA";"CAMPAMENTO";1;17;"G1"
"6";"ANTIOQUIA";"CAÑASGORDAS";3;37;"G1"
"7";"ANTIOQUIA";"CAUCASIA";17;195;"G1"
"8";"ANTIOQUIA";"COCORNA";2;33;"G1"
"9";"ANTIOQUIA";"ENVIGADO";19;649;"G1"
"10";"ANTIOQUIA";"GUARNE";8;95;"G1"
"11";"ANTIOQUIA";"JERICO";1;31;"G1"
"12";"ANTIOQUIA";"MACEO";3;22;"G1"
"13";"ANTIOQUIA";"NECHI";4;51;"G1"
"14";"ANTIOQUIA";"PEÑOL";1;46;"G1"
"15";"ANTIOQUIA";"PUERTO NARE-LA MAGDALENA";3;33;"G1"
"16";"ANTIOQUIA";"SALGAR";1;32;"G1"
"17";"ANTIOQUIA";"SAN JOSE DE LA MONTAÑA";1;10;"G1"
"18";"ANTIOQUIA";"SAN PEDRO";3;56;"G1"
"19";"ANTIOQUIA";"SAN ROQUE";4;43;"G1"
"20";"ANTIOQUIA";"VENECIA";2;28;"G1"
"21";"ANTIOQUIA";"YARUMAL";9;82;"G1"
"22";"ARAUCA";"PUERTO RONDON";1;11;"G1"
"23";"ATLANTICO";"CANDELARIA";3;36;"G1"
"24";"BOLIVAR";"MONTECRISTO";2;15;"G1"
"25";"BOLIVAR";"NOROSI";1;6;"G1"
"26";"BOLIVAR";"SAN PABLO";1;43;"G1"
"27";"BOLIVAR";"SANTA ROSA DEL SUR";3;49;"G1"
"28";"BOLIVAR";"TALAIGUA NUEVO";3;20;"G1"
"29";"BOYACA";"CALDAS";2;10;"G1"
"30";"BOYACA";"CAMPOHERMOSO";2;8;"G1"
"31";"BOYACA";"CHITA";2;17;"G1"
"32";"BOYACA";"EL ESPINO";1;6;"G1"
"33";"BOYACA";"GACHANTIVA";1;9;"G1"
"34";"BOYACA";"LA VICTORIA";1;5;"G1"
"35";"BOYACA";"MUZO";2;22;"G1"
"36";"BOYACA";"PAEZ";1;6;"G1"
"37";"BOYACA";"SAN EDUARDO";1;5;"G1"
"38";"BOYACA";"SANTA MARIA";1;9;"G1"
"39";"BOYACA";"SANTA SOFIA";1;9;"G1"
"40";"BOYACA";"SANTANA";1;20;"G1"
"41";"BOYACA";"SOTAQUIRA";1;15;"G1"
"42";"BOYACA";"SUTAMARCHAN";1;16;"G1"
"43";"BOYACA";"TENZA";1;10;"G1"
"44";"BOYACA";"VENTAQUEMADA";1;31;"G1"
"45";"CALDAS";"MARQUETALIA";1;31;"G1"
"46";"CALDAS";"PACORA";4;34;"G1"
"47";"CALDAS";"PALESTINA";4;45;"G1"
"48";"CALDAS";"SAN JOSE";1;14;"G1"
"49";"CALDAS";"VITERBO";1;36;"G1"
"50";"CAQUETA";"MILAN";2;17;"G1"
"51";"CAQUETA";"MORELIA";1;11;"G1"
"52";"CASANARE";"TAURAMENA";2;44;"G1"
"53";"CASANARE";"VILLANUEVA";1;56;"G1"
"54";"CAUCA";"ARGELIA";7;51;"G1"
"55";"CAUCA";"BALBOA";5;42;"G1"
"56";"CAUCA";"CALOTO";4;41;"G1"
"57";"CAUCA";"CORINTO";5;49;"G1"
"58";"CAUCA";"LOPEZ (MICAY)";3;14;"G1"
"59";"CAUCA";"MIRANDA";4;54;"G1"
"60";"CAUCA";"PADILLA";2;15;"G1"
"61";"CAUCA";"PIAMONTE";2;12;"G1"
"62";"CAUCA";"PIENDAMO";5;60;"G1"
"63";"CAUCA";"TIMBIO";6;65;"G1"
"64";"CAUCA";"TOTORO";3;24;"G1"
"65";"CESAR";"CHIRIGUANA";5;63;"G1"
"66";"CHOCO";"ATRATO (YUTO)";4;20;"G1"
"67";"CHOCO";"UNION PANAMERICANA (LAS ANIMAS";2;12;"G1"
"68";"CONSULADOS";"AUSTRALIA";2;8;"G1"
"69";"CONSULADOS";"BRASIL";1;3;"G1"
"70";"CORDOBA";"AYAPEL";9;87;"G1"
"71";"CORDOBA";"CANALETE";6;40;"G1"
"72";"CORDOBA";"CIENAGA DE ORO";14;116;"G1"
"73";"CORDOBA";"LA APARTADA (FRONTERA)";1;34;"G1"
"74";"CORDOBA";"PLANETA RICA";11;135;"G1"
"75";"CUNDINAMARCA";"BELTRAN";2;6;"G1"
"76";"CUNDINAMARCA";"CAJICA";7;124;"G1"
"77";"CUNDINAMARCA";"CHOACHI";1;31;"G1"
"78";"CUNDINAMARCA";"JERUSALEN";1;8;"G1"
"79";"CUNDINAMARCA";"PAIME";2;11;"G1"
"80";"CUNDINAMARCA";"PANDI";1;12;"G1"
"81";"CUNDINAMARCA";"PARATEBUENO (LA NAGUAYA)";2;17;"G1"
"82";"CUNDINAMARCA";"QUEBRADANEGRA";2;10;"G1"
"83";"CUNDINAMARCA";"QUETAME";2;17;"G1"
"84";"CUNDINAMARCA";"QUIPILE";4;18;"G1"
"85";"CUNDINAMARCA";"SAN CAYETANO";1;6;"G1"
"86";"CUNDINAMARCA";"SESQUILE";1;23;"G1"
"87";"CUNDINAMARCA";"UBATE";5;91;"G1"
"88";"CUNDINAMARCA";"YACOPI";3;23;"G1"
"89";"HUILA";"COLOMBIA";2;15;"G1"
"90";"HUILA";"ELIAS";1;8;"G1"
"91";"HUILA";"LA PLATA";11;109;"G1"
"92";"HUILA";"TELLO";3;30;"G1"
"93";"LA GUAJIRA";"EL MOLINO";1;21;"G1"
"94";"MAGDALENA";"ARIGUANI (EL DIFICIL)";3;63;"G1"
"95";"MAGDALENA";"SABANAS DE SAN ANGEL";4;27;"G1"
"96";"META";"CABUYARO";1;11;"G1"
"97";"META";"CUMARAL";2;43;"G1"
"98";"META";"PUERTO LOPEZ";5;64;"G1"
"99";"META";"SAN JUANITO";1;3;"G1"
"100";"META";"VISTA HERMOSA";3;32;"G1"
"101";"NARIÑO";"ANCUYA";1;11;"G1"
"102";"NARIÑO";"BUESACO";5;44;"G1"
"103";"NARIÑO";"CHACHAGUI";1;20;"G1"
"104";"NARIÑO";"EL TABLON";3;28;"G1"
"105";"NARIÑO";"GUAITARILLA";1;22;"G1"
"106";"NARIÑO";"IPIALES";17;256;"G1"
"107";"NARIÑO";"PASTO";61;787;"G1"
"108";"NARIÑO";"POTOSI";4;23;"G1"
"109";"NARIÑO";"PUERRES";1;18;"G1"
"110";"NARIÑO";"PUPIALES";2;42;"G1"
"111";"NARIÑO";"SAN BERNARDO";1;17;"G1"
"112";"NARIÑO";"SAN PABLO";3;26;"G1"
"113";"NARIÑO";"TAMINANGO";6;40;"G1"
"114";"NARIÑO";"TUQUERRES";10;95;"G1"
"115";"NARIÑO";"YACUANQUER";2;22;"G1"
"116";"NORTE DE SAN";"BOCHALEMA";2;18;"G1"
"117";"NORTE DE SAN";"MUTISCUA";1;7;"G1"
"118";"NORTE DE SAN";"PAMPLONA";7;109;"G1"
"119";"NORTE DE SAN";"SAN CALIXTO";1;9;"G1"
"120";"NORTE DE SAN";"SARDINATA";3;45;"G1"
"121";"PUTUMAYO";"VALLE DEL GUAMUEZ (LA HORMIGA)";3;65;"G1"
"122";"QUINDIO";"SALENTO";1;15;"G1"
"123";"RISARALDA";"QUINCHIA";5;60;"G1"
"124";"RISARALDA";"SANTUARIO";3;34;"G1"
"125";"SANTANDER";"BARICHARA";1;19;"G1"
"126";"SANTANDER";"CHIMA";1;7;"G1"
"127";"SANTANDER";"CIMITARRA";4;68;"G1"
"128";"SANTANDER";"LOS SANTOS";4;24;"G1"
"129";"SANTANDER";"MACARAVITA";1;7;"G1"
"130";"SANTANDER";"OCAMONTE";1;11;"G1"
"131";"SANTANDER";"RIONEGRO";3;48;"G1"
"132";"SANTANDER";"SAN VICENTE DE CHUCURI";3;57;"G1"
"133";"SANTANDER";"SANTA HELENA DEL OPON";2;8;"G1"
"134";"SANTANDER";"SIMACOTA";2;15;"G1"
"135";"SANTANDER";"SUAITA";4;24;"G1"
"136";"SANTANDER";"SUCRE";3;13;"G1"
"137";"SANTANDER";"TONA";3;15;"G1"
"138";"SUCRE";"EL ROBLE";3;18;"G1"
"139";"SUCRE";"SAN ONOFRE";16;112;"G1"
"140";"TOLIMA";"COELLO";5;24;"G1"
"141";"TOLIMA";"GUAMO";6;71;"G1"
"142";"TOLIMA";"MELGAR";5;79;"G1"
"143";"TOLIMA";"SALDAÑA";1;34;"G1"
"144";"TOLIMA";"VILLAHERMOSA";1;15;"G1"
"145";"VALLE";"FLORIDA";11;127;"G1"
"146";"VALLE";"TRUJILLO";5;38;"G1"
"147";"VAUPES";"TARAIRA";1;3;"G1"
"148";"AMAZONAS";"LA CHORRERA";1;3;"G2"
"149";"ANTIOQUIA";"APARTADO";17;253;"G2"
"150";"ANTIOQUIA";"BELLO";35;858;"G2"
"151";"ANTIOQUIA";"CACERES";6;60;"G2"
"152";"ANTIOQUIA";"CAREPA";10;125;"G2"
"153";"ANTIOQUIA";"GIRARDOTA";8;146;"G2"
"154";"ANTIOQUIA";"HISPANIA";1;16;"G2"
"155";"ANTIOQUIA";"SABANETA";9;176;"G2"
"156";"ANTIOQUIA";"SAN ANDRES";1;12;"G2"
"157";"ANTIOQUIA";"SANTA BARBARA";6;65;"G2"
"158";"ANTIOQUIA";"TAMESIS";3;42;"G2"
"159";"ANTIOQUIA";"URAMITA";1;18;"G2"
"160";"ATLANTICO";"SABANALARGA";14;190;"G2"
"161";"BOLIVAR";"ALTOS DEL ROSARIO";2;18;"G2"
"162";"BOLIVAR";"EL PEÑON";2;12;"G2"
"163";"BOLIVAR";"MORALES";3;25;"G2"
"164";"BOLIVAR";"REGIDOR";2;11;"G2"
"165";"BOLIVAR";"SANTA CATALINA";4;34;"G2"
"166";"BOYACA";"FLORESTA";1;8;"G2"
"167";"BOYACA";"PAZ DE RIO";1;12;"G2"
"168";"BOYACA";"SAN PABLO DE BORBUR";4;18;"G2"
"169";"BOYACA";"SIACHOQUE";1;18;"G2"
"170";"BOYACA";"TOGUI";1;12;"G2"
"171";"BOYACA";"TURMEQUE";1;17;"G2"
"172";"CALDAS";"VILLAMARIA";10;103;"G2"
"173";"CAQUETA";"FLORENCIA";24;325;"G2"
"174";"CAQUETA";"LA MONTAÑITA";3;31;"G2"
"175";"CAQUETA";"SOLANO";1;17;"G2"
"176";"CASANARE";"AGUAZUL";6;75;"G2"
"177";"CASANARE";"CHAMEZA";1;5;"G2"
"178";"CASANARE";"NUNCHIA";2;12;"G2"
"179";"CASANARE";"TRINIDAD";1;21;"G2"
"180";"CAUCA";"EL TAMBO";15;73;"G2"
"181";"CESAR";"CURUMANI";6;71;"G2"
"182";"CESAR";"LA JAGUA DE IBIRICO";6;77;"G2"
"183";"CHOCO";"ALTO BAUDO (PIE DE PATO)";2;9;"G2"
"184";"CHOCO";"CARMEN DEL DARIEN";3;16;"G2"
"185";"CHOCO";"JURADO";1;8;"G2"
"186";"CHOCO";"SIPI";1;3;"G2"
"187";"CONSULADOS";"ESPAÑA";12;160;"G2"
"188";"CORDOBA";"CHIMA";6;37;"G2"
"189";"CORDOBA";"COTORRA (BONGO)";6;41;"G2"
"190";"CUNDINAMARCA";"CHOCONTA";1;42;"G2"
"191";"CUNDINAMARCA";"EL COLEGIO";4;60;"G2"
"192";"CUNDINAMARCA";"GUATAVITA";1;15;"G2"
"193";"CUNDINAMARCA";"LA CALERA";1;58;"G2"
"194";"CUNDINAMARCA";"LA VEGA";1;35;"G2"
"195";"CUNDINAMARCA";"NARIÑO";1;8;"G2"
"196";"CUNDINAMARCA";"NIMAIMA";2;10;"G2"
"197";"CUNDINAMARCA";"PASCA";1;22;"G2"
"198";"CUNDINAMARCA";"SASAIMA";2;25;"G2"
"199";"CUNDINAMARCA";"TENJO";2;43;"G2"
"200";"CUNDINAMARCA";"UTICA";1;14;"G2"
"201";"CUNDINAMARCA";"VILLETA";4;64;"G2"
"202";"GUAINIA";"SAN FELIPE";1;3;"G2"
"203";"HUILA";"IQUIRA";3;20;"G2"
"204";"HUILA";"ISNOS";2;52;"G2"
"205";"HUILA";"PALERMO";5;54;"G2"
"206";"HUILA";"PALESTINA";1;25;"G2"
"207";"HUILA";"SUAZA";3;37;"G2"
"208";"HUILA";"VILLAVIEJA";3;18;"G2"
"209";"LA GUAJIRA";"RIOHACHA";28;321;"G2"
"210";"LA GUAJIRA";"URUMITA";1;24;"G2"
"211";"MAGDALENA";"CIENAGA";16;228;"G2"
"212";"MAGDALENA";"EL BANCO";19;130;"G2"
"213";"MAGDALENA";"FUNDACION";9;138;"G2"
"214";"MAGDALENA";"PLATO";9;102;"G2"
"215";"MAGDALENA";"SAN SEBASTIAN DE BUENAVISTA";6;36;"G2"
"216";"MAGDALENA";"SAN ZENON";5;20;"G2"
"217";"META";"EL CALVARIO";1;3;"G2"
"218";"META";"EL DORADO";1;7;"G2"
"219";"META";"GRANADA";14;141;"G2"
"220";"NARIÑO";"CONTADERO";3;14;"G2"
"221";"NARIÑO";"RICAURTE";1;31;"G2"
"222";"NARIÑO";"SAN LORENZO";5;35;"G2"
"223";"NARIÑO";"SAN PEDRO DE CARTAGO";1;11;"G2"
"224";"NORTE DE SAN";"ARBOLEDAS";1;13;"G2"
"225";"NORTE DE SAN";"EL CARMEN";2;19;"G2"
"226";"NORTE DE SAN";"EL TARRA";2;30;"G2"
"227";"NORTE DE SAN";"EL ZULIA";2;55;"G2"
"228";"NORTE DE SAN";"LA ESPERANZA";3;18;"G2"
"229";"NORTE DE SAN";"TEORAMA";4;25;"G2"
"230";"PUTUMAYO";"PUERTO CAICEDO";2;21;"G2"
"231";"PUTUMAYO";"PUERTO GUZMAN";4;26;"G2"
"232";"PUTUMAYO";"SAN FRANCISCO";2;15;"G2"
"233";"SANTANDER";"BOLIVAR";2;17;"G2"
"234";"SANTANDER";"CAPITANEJO";1;14;"G2"
"235";"SANTANDER";"CARCASI";1;5;"G2"
"236";"SANTANDER";"CHARALA";1;27;"G2"
"237";"SANTANDER";"COROMORO";2;12;"G2"
"238";"SANTANDER";"EL PLAYON";2;27;"G2"
"239";"SANTANDER";"ENCINO";1;5;"G2"
"240";"SANTANDER";"GUAPOTA";1;5;"G2"
"241";"SANTANDER";"GUAVATA";1;13;"G2"
"242";"SANTANDER";"LANDAZURI";2;19;"G2"
"243";"SANTANDER";"PIEDECUESTA";21;296;"G2"
"244";"SANTANDER";"PUERTO PARRA";3;16;"G2"
"245";"SANTANDER";"VILLANUEVA";1;19;"G2"
"246";"SUCRE";"BUENAVISTA";1;28;"G2"
"247";"SUCRE";"COROZAL";15;124;"G2"
"248";"SUCRE";"COVEÑAS";3;33;"G2"
"249";"SUCRE";"LA UNION";2;23;"G2"
"250";"SUCRE";"SAN BENITO ABAD";6;40;"G2"
"251";"TOLIMA";"ALPUJARRA";2;10;"G2"
"252";"TOLIMA";"CAJAMARCA";2;47;"G2"
"253";"TOLIMA";"COYAIMA";4;50;"G2"
"254";"TOLIMA";"HERVEO";2;15;"G2"
"255";"TOLIMA";"ICONONZO";1;21;"G2"
"256";"TOLIMA";"MARIQUITA";5;82;"G2"
"257";"TOLIMA";"PRADO";2;22;"G2"
"258";"TOLIMA";"PURIFICACION";4;56;"G2"
"259";"TOLIMA";"SAN ANTONIO";2;28;"G2"
"260";"VALLE";"ALCALA";1;30;"G2"
"261";"VALLE";"ARGELIA";1;13;"G2"
"262";"VALLE";"CALIMA (DARIEN)";1;30;"G2"
"263";"VALLE";"EL AGUILA";2;16;"G2"
"264";"VALLE";"EL CERRITO";9;136;"G2"
"265";"VALLE";"ROLDANILLO";9;76;"G2"
"266";"VALLE";"TULUA";27;430;"G2"
"267";"VALLE";"ULLOA";1;9;"G2"
"268";"VALLE";"YUMBO";23;273;"G2"
"269";"VICHADA";"LA PRIMAVERA";1;16;"G2"
"270";"AMAZONAS";"LETICIA";5;103;"G3"
"271";"ANTIOQUIA";"ANDES";11;90;"G3"
"272";"ANTIOQUIA";"CARAMANTA";1;12;"G3"
"273";"ANTIOQUIA";"DABEIBA";3;49;"G3"
"274";"ANTIOQUIA";"DON MATIAS";3;49;"G3"
"275";"ANTIOQUIA";"LA CEJA";9;122;"G3"
"276";"ANTIOQUIA";"MONTEBELLO";1;17;"G3"
"277";"ANTIOQUIA";"PEQUE";1;13;"G3"
"278";"ANTIOQUIA";"TARAZA";4;74;"G3"
"279";"ANTIOQUIA";"TOLEDO";1;12;"G3"
"280";"ANTIOQUIA";"TURBO";18;234;"G3"
"281";"ARAUCA";"TAME";7;93;"G3"
"282";"ATLANTICO";"JUAN DE ACOSTA";4;53;"G3"
"283";"ATLANTICO";"SOLEDAD";39;785;"G3"
"284";"ATLANTICO";"TUBARA";3;27;"G3"
"285";"BOLIVAR";"ACHI";5;31;"G3"
"286";"BOLIVAR";"CICUCO";3;28;"G3"
"287";"BOLIVAR";"MAGANGUE";29;248;"G3"
"288";"BOYACA";"ARCABUCO";1;14;"G3"
"289";"BOYACA";"CHITARAQUE";1;15;"G3"
"290";"BOYACA";"JENESANO";1;16;"G3"
"291";"BOYACA";"LA CAPILLA";1;8;"G3"
"292";"BOYACA";"LA UVITA";1;6;"G3"
"293";"BOYACA";"PAIPA";5;72;"G3"
"294";"BOYACA";"SACHICA";1;10;"G3"
"295";"BOYACA";"SAN JOSE DE PARE";1;13;"G3"
"296";"BOYACA";"SATIVASUR";1;4;"G3"
"297";"BOYACA";"VILLA DE LEIVA";1;30;"G3"
"298";"CALDAS";"LA MERCED";1;10;"G3"
"299";"CASANARE";"OROCUE";2;21;"G3"
"300";"CASANARE";"TAMARA";1;10;"G3"
"301";"CAUCA";"INZA";6;40;"G3"
"302";"CAUCA";"SANTA ROSA";1;4;"G3"
"303";"CAUCA";"TORIBIO";4;46;"G3"
"304";"CESAR";"EL COPEY";3;65;"G3"
"305";"CHOCO";"CERTEGUI";1;11;"G3"
"306";"CHOCO";"LLORO";3;21;"G3"
"307";"CONSULADOS";"CANADA";5;37;"G3"
"308";"CONSULADOS";"CURAZAO";1;3;"G3"
"309";"CONSULADOS";"ECUADOR";5;40;"G3"
"310";"CORDOBA";"MOÑITOS";10;58;"G3"
"311";"CORDOBA";"SAN ANDRES DE SOTAVENTO";10;86;"G3"
"312";"CORDOBA";"SAN ANTERO";4;57;"G3"
"313";"CORDOBA";"SAN CARLOS";7;59;"G3"
"314";"CORDOBA";"SAN JOSE DE URE";1;15;"G3"
"315";"CUNDINAMARCA";"CHIA";10;227;"G3"
"316";"CUNDINAMARCA";"EL ROSAL";1;43;"G3"
"317";"CUNDINAMARCA";"FUSAGASUGA";20;283;"G3"
"318";"CUNDINAMARCA";"GUTIERREZ";1;8;"G3"
"319";"CUNDINAMARCA";"NILO";3;19;"G3"
"320";"CUNDINAMARCA";"TOPAIPI";2;11;"G3"
"321";"GUAINIA";"INIRIDA";1;58;"G3"
"322";"HUILA";"ACEVEDO";3;56;"G3"
"323";"HUILA";"AIPE";2;40;"G3"
"324";"HUILA";"CAMPOALEGRE";4;72;"G3"
"325";"HUILA";"GUADALUPE";2;36;"G3"
"326";"HUILA";"LA ARGENTINA (PLATA VIEJA)";1;29;"G3"
"327";"HUILA";"SALADOBLANCO";3;27;"G3"
"328";"LA GUAJIRA";"DIBULLA";7;63;"G3"
"329";"MAGDALENA";"ARACATACA";6;78;"G3"
"330";"MAGDALENA";"CHIVOLO";3;37;"G3"
"331";"MAGDALENA";"EL PIÑON";6;35;"G3"
"332";"MAGDALENA";"SANTA ANA";3;42;"G3"
"333";"MAGDALENA";"SANTA MARTA";40;929;"G3"
"334";"META";"PUERTO LLERAS";1;14;"G3"
"335";"META";"PUERTO RICO";1;21;"G3"
"336";"META";"SAN MARTIN DE LOS LLANOS";1;49;"G3"
"337";"NARIÑO";"CUASPUD (CARLOSAMA)";2;21;"G3"
"338";"NARIÑO";"CUMBITARA";2;12;"G3"
"339";"NARIÑO";"LOS ANDES (SOTOMAYOR)";1;17;"G3"
"340";"NARIÑO";"SAPUYES";2;12;"G3"
"341";"NARIÑO";"TUMACO";24;244;"G3"
"342";"NORTE DE SAN";"CHITAGA";1;17;"G3"
"343";"NORTE DE SAN";"OCAÑA";18;196;"G3"
"344";"NORTE DE SAN";"RAGONVALIA";1;19;"G3"
"345";"PUTUMAYO";"SANTIAGO";2;18;"G3"
"346";"QUINDIO";"CORDOBA";1;15;"G3"
"347";"QUINDIO";"FILANDIA";1;27;"G3"
"348";"SANTANDER";"BARBOSA";6;75;"G3"
"349";"SANTANDER";"BETULIA";2;11;"G3"
"350";"SANTANDER";"GALAN";1;5;"G3"
"351";"SANTANDER";"LA BELLEZA";2;15;"G3"
"352";"SANTANDER";"MOGOTES";1;16;"G3"
"353";"SANTANDER";"PALMAR";1;3;"G3"
"354";"SANTANDER";"PUENTE NACIONAL";1;28;"G3"
"355";"SANTANDER";"SOCORRO";4;71;"G3"
"356";"SUCRE";"GALERAS (NUEVA GRANADA)";4;46;"G3"
"357";"SUCRE";"GUARANDA";5;34;"G3"
"358";"SUCRE";"OVEJAS";6;56;"G3"
"359";"SUCRE";"SAN PEDRO";2;45;"G3"
"360";"TOLIMA";"AMBALEMA";1;18;"G3"
"361";"TOLIMA";"ANZOATEGUI";2;20;"G3"
"362";"TOLIMA";"ESPINAL";12;161;"G3"
"363";"TOLIMA";"LIBANO";9;88;"G3"
"364";"TOLIMA";"PIEDRAS";2;15;"G3"
"365";"VALLE";"LA UNION";6;74;"G3"
"366";"ANTIOQUIA";"AMAGA";3;65;"G4"
"367";"ANTIOQUIA";"BARBOSA";9;119;"G4"
"368";"ANTIOQUIA";"CARMEN DE VIBORAL";6;99;"G4"
"369";"ANTIOQUIA";"LA UNION";1;46;"G4"
"370";"ANTIOQUIA";"MARINILLA";5;96;"G4"
"371";"ANTIOQUIA";"REMEDIOS";3;52;"G4"
"372";"ANTIOQUIA";"RETIRO";2;46;"G4"
"373";"ANTIOQUIA";"RIONEGRO";19;276;"G4"
"374";"ANTIOQUIA";"SAN LUIS";2;27;"G4"
"375";"ANTIOQUIA";"SAN PEDRO DE URABA";5;74;"G4"
"376";"ANTIOQUIA";"SANTA ROSA DE OSOS";8;76;"G4"
"377";"ANTIOQUIA";"SANTO DOMINGO";5;28;"G4"
"378";"ANTIOQUIA";"SANTUARIO";4;76;"G4"
"379";"ANTIOQUIA";"VEGACHI";2;30;"G4"
"380";"ANTIOQUIA";"YONDO-CASABE";2;33;"G4"
"381";"ATLANTICO";"CAMPO DE LA CRUZ";2;59;"G4"
"382";"ATLANTICO";"GALAPA";7;108;"G4"
"383";"ATLANTICO";"LURUACO";6;72;"G4"
"384";"ATLANTICO";"SABANAGRANDE";4;67;"G4"
"385";"BOLIVAR";"ARJONA";10;144;"G4"
"386";"BOLIVAR";"CANTAGALLO";3;19;"G4"
"387";"BOLIVAR";"EL CARMEN DE BOLIVAR";11;141;"G4"
"388";"BOLIVAR";"SAN JACINTO";1;55;"G4"
"389";"BOLIVAR";"SAN JACINTO DEL CAUCA";2;13;"G4"
"390";"BOLIVAR";"TIQUISIO (PTO. RICO)";4;29;"G4"
"391";"BOLIVAR";"ZAMBRANO";1;26;"G4"
"392";"BOYACA";"BELEN";1;19;"G4"
"393";"BOYACA";"CHIQUIZA";2;14;"G4"
"394";"BOYACA";"GUACAMAYAS";1;5;"G4"
"395";"BOYACA";"MIRAFLORES";1;22;"G4"
"396";"BOYACA";"MONGUI";1;11;"G4"
"397";"BOYACA";"PAUNA";1;19;"G4"
"398";"BOYACA";"SABOYA";3;24;"G4"
"399";"BOYACA";"SAN MATEO";1;10;"G4"
"400";"BOYACA";"SORACA";1;16;"G4"
"401";"CALDAS";"LA DORADA";8;156;"G4"
"402";"CALDAS";"MARULANDA";2;8;"G4"
"403";"CALDAS";"SUPIA";4;63;"G4"
"404";"CALDAS";"VICTORIA";3;23;"G4"
"405";"CAQUETA";"BELEN DE LOS ANDAQUIES";1;22;"G4"
"406";"CAQUETA";"EL PAUJIL";1;32;"G4"
"407";"CAUCA";"LA SIERRA";2;25;"G4"
"408";"CAUCA";"PUERTO TEJADA";6;76;"G4"
"409";"CESAR";"LA PAZ";2;51;"G4"
"410";"CESAR";"MANAURE BALCON DEL CESAR (MANA";1;21;"G4"
"411";"CESAR";"PAILITAS";2;40;"G4"
"412";"CESAR";"SAN ALBERTO";2;48;"G4"
"413";"CESAR";"SAN DIEGO";2;37;"G4"
"414";"CHOCO";"BOJAYA (BELLAVISTA)";2;12;"G4"
"415";"CHOCO";"EL CARMEN";1;15;"G4"
"416";"CHOCO";"ISTMINA";2;53;"G4"
"417";"CHOCO";"RIO IRO";1;7;"G4"
"418";"CHOCO";"RIOSUCIO";4;44;"G4"
"419";"CHOCO";"UNGUIA";4;24;"G4"
"420";"CONSULADOS";"BELGICA";1;3;"G4"
"421";"CONSULADOS";"ITALIA";2;10;"G4"
"422";"CORDOBA";"CERETE";14;205;"G4"
"423";"CUNDINAMARCA";"BOJACA";1;18;"G4"
"424";"CUNDINAMARCA";"COTA";5;72;"G4"
"425";"CUNDINAMARCA";"EL PEÑON";2;12;"G4"
"426";"CUNDINAMARCA";"NEMOCON";2;27;"G4"
"427";"CUNDINAMARCA";"SOPO";2;49;"G4"
"428";"GUAVIARE";"CALAMAR";1;16;"G4"
"429";"HUILA";"ALTAMIRA";1;9;"G4"
"430";"HUILA";"NEIVA";39;722;"G4"
"431";"HUILA";"OPORAPA";3;24;"G4"
"432";"LA GUAJIRA";"FONSECA";7;77;"G4"
"433";"LA GUAJIRA";"LA JAGUA DEL PILAR";1;10;"G4"
"434";"META";"EL CASTILLO";2;15;"G4"
"435";"META";"LEJANIAS";2;22;"G4"
"436";"META";"MESETAS";2;23;"G4"
"437";"META";"RESTREPO";1;44;"G4"
"438";"NARIÑO";"CUMBAL";4;68;"G4"
"439";"NARIÑO";"EL PEÑOL";2;13;"G4"
"440";"NARIÑO";"GUALMATAN";1;13;"G4"
"441";"NARIÑO";"LA UNION";3;42;"G4"
"442";"NARIÑO";"LEIVA";2;14;"G4"
"443";"NARIÑO";"NARIÑO";1;16;"G4"
"444";"NARIÑO";"OSPINA";3;16;"G4"
"445";"NORTE DE SAN";"CACHIRA";2;14;"G4"
"446";"NORTE DE SAN";"CONVENCION";1;30;"G4"
"447";"NORTE DE SAN";"GRAMALOTE";1;12;"G4"
"448";"NORTE DE SAN";"HACARI";1;15;"G4"
"449";"NORTE DE SAN";"HERRAN";1;10;"G4"
"450";"NORTE DE SAN";"PUERTO SANTANDER";1;39;"G4"
"451";"NORTE DE SAN";"TOLEDO";3;31;"G4"
"452";"QUINDIO";"CIRCASIA";4;62;"G4"
"453";"QUINDIO";"LA TEBAIDA";6;83;"G4"
"454";"SANTANDER";"AGUADA";1;5;"G4"
"455";"SANTANDER";"BARRANCABERMEJA";40;492;"G4"
"456";"SANTANDER";"CALIFORNIA";1;5;"G4"
"457";"SANTANDER";"CONCEPCION";1;14;"G4"
"458";"SANTANDER";"CONFINES";1;6;"G4"
"459";"SANTANDER";"EL GUACAMAYO";1;4;"G4"
"460";"SANTANDER";"ENCISO";1;8;"G4"
"461";"SANTANDER";"ONZAGA";1;8;"G4"
"462";"SANTANDER";"PARAMO";1;8;"G4"
"463";"SANTANDER";"SAN MIGUEL";1;5;"G4"
"464";"SANTANDER";"VALLE DE SAN JOSE";1;12;"G4"
"465";"SUCRE";"MORROA";3;33;"G4"
"466";"SUCRE";"SAN MARCOS";14;128;"G4"
"467";"TOLIMA";"ALVARADO";2;20;"G4"
"468";"TOLIMA";"IBAGUE";60;1118;"G4"
"469";"TOLIMA";"VALLE DE SAN JUAN";1;10;"G4"
"470";"VALLE";"CAICEDONIA";8;77;"G4"
"471";"VALLE";"CARTAGO";22;314;"G4"
"472";"VALLE";"EL DOVIO";1;22;"G4"
"473";"VALLE";"LA CUMBRE";3;32;"G4"
"474";"VALLE";"LA VICTORIA";2;30;"G4"
"475";"VALLE";"PRADERA";9;96;"G4"
"476";"VALLE";"SAN PEDRO";5;41;"G4"
"477";"VALLE";"YOTOCO";3;33;"G4"
"478";"VICHADA";"CUMARIBO";6;46;"G4"
"479";"ANTIOQUIA";"ALEJANDRIA";1;14;"G5"
"480";"ANTIOQUIA";"ARGELIA";1;17;"G5"
"481";"ANTIOQUIA";"BETULIA";3;39;"G5"
"482";"ANTIOQUIA";"CALDAS";11;182;"G5"
"483";"ANTIOQUIA";"CISNEROS";1;33;"G5"
"484";"ANTIOQUIA";"EBEJICO";3;32;"G5"
"485";"ANTIOQUIA";"ITAGUI";24;661;"G5"
"486";"ANTIOQUIA";"MUTATA";3;27;"G5"
"487";"ANTIOQUIA";"NARIÑO";2;25;"G5"
"488";"ANTIOQUIA";"PUERTO BERRIO";7;93;"G5"
"489";"ANTIOQUIA";"SAN CARLOS";2;37;"G5"
"490";"ANTIOQUIA";"SAN FRANCISCO";2;18;"G5"
"491";"ANTIOQUIA";"SAN VICENTE";2;39;"G5"
"492";"ANTIOQUIA";"TITIRIBI";2;23;"G5"
"493";"ANTIOQUIA";"VIGIA DEL FUERTE";2;11;"G5"
"494";"ARAUCA";"ARAUCA";13;199;"G5"
"495";"ARAUCA";"CRAVO NORTE";1;11;"G5"
"496";"ATLANTICO";"BARANOA";10;137;"G5"
"497";"ATLANTICO";"SANTO TOMAS";4;78;"G5"
"498";"BOLIVAR";"ARENAL";1;13;"G5"
"499";"BOLIVAR";"CALAMAR";5;52;"G5"
"500";"BOLIVAR";"HATILLO DE LOBA";5;28;"G5"
"501";"BOLIVAR";"MAHATES";6;57;"G5"
"502";"BOLIVAR";"SAN ESTANISLAO";2;41;"G5"
"503";"BOLIVAR";"SIMITI";3;23;"G5"
"504";"BOLIVAR";"SOPLAVIENTO";1;24;"G5"
"505";"BOYACA";"CHISCAS";1;7;"G5"
"506";"BOYACA";"COMBITA";3;26;"G5"
"507";"BOYACA";"COPER";1;6;"G5"
"508";"BOYACA";"CUCAITA";1;10;"G5"
"509";"BOYACA";"FIRAVITOBA";1;16;"G5"
"510";"BOYACA";"LABRANZAGRANDE";1;8;"G5"
"511";"BOYACA";"MONIQUIRA";1;48;"G5"
"512";"BOYACA";"OTANCHE";1;14;"G5"
"513";"BOYACA";"PACHAVITA";1;6;"G5"
"514";"BOYACA";"PAJARITO";1;4;"G5"
"515";"BOYACA";"PESCA";1;18;"G5"
"516";"BOYACA";"QUIPAMA";2;13;"G5"
"517";"BOYACA";"SOATA";1;22;"G5"
"518";"BOYACA";"TINJACA";1;8;"G5"
"519";"BOYACA";"TOTA";1;9;"G5"
"520";"CALDAS";"BELALCAZAR";1;22;"G5"
"521";"CALDAS";"NORCASIA";1;17;"G5"
"522";"CALDAS";"RIOSUCIO";10;95;"G5"
"523";"CALDAS";"RISARALDA";2;28;"G5"
"524";"CALDAS";"SALAMINA";2;42;"G5"
"525";"CALDAS";"SAMANA";3;37;"G5"
"526";"CAUCA";"ALMAGUER";5;32;"G5"
"527";"CAUCA";"BOLIVAR";7;44;"G5"
"528";"CAUCA";"PATIA (EL BORDO)";8;60;"G5"
"529";"CESAR";"BECERRIL";1;43;"G5"
"530";"CHOCO";"BAHIA SOLANO (MUTIS)";3;22;"G5"
"531";"CONSULADOS";"ALEMANIA";2;6;"G5"
"532";"CORDOBA";"SAHAGUN";28;218;"G5"
"533";"CUNDINAMARCA";"BITUIMA";1;8;"G5"
"534";"CUNDINAMARCA";"JUNIN";2;14;"G5"
"535";"CUNDINAMARCA";"LA MESA";4;69;"G5"
"536";"CUNDINAMARCA";"MANTA";1;12;"G5"
"537";"CUNDINAMARCA";"PUERTO SALGAR";2;37;"G5"
"538";"CUNDINAMARCA";"SILVANIA";3;50;"G5"
"539";"CUNDINAMARCA";"SIMIJACA";1;26;"G5"
"540";"CUNDINAMARCA";"TENA";2;19;"G5"
"541";"CUNDINAMARCA";"TOCANCIPA";4;75;"G5"
"542";"CUNDINAMARCA";"VENECIA";1;9;"G5"
"543";"CUNDINAMARCA";"VERGARA";2;17;"G5"
"544";"CUNDINAMARCA";"VIANI";1;11;"G5"
"545";"HUILA";"ALGECIRAS";3;43;"G5"
"546";"HUILA";"GARZON";12;137;"G5"
"547";"HUILA";"NATAGA";1;12;"G5"
"548";"HUILA";"SAN AGUSTIN";5;65;"G5"
"549";"LA GUAJIRA";"ALBANIA";5;51;"G5"
"550";"LA GUAJIRA";"MAICAO";19;337;"G5"
"551";"LA GUAJIRA";"SAN JUAN DEL CESAR";8;78;"G5"
"552";"MAGDALENA";"PUEBLOVIEJO";4;57;"G5"
"553";"MAGDALENA";"SANTA BARBARA DE PINTO";2;21;"G5"
"554";"META";"BARRANCA DE UPIA";1;12;"G5"
"555";"META";"GUAMAL";1;31;"G5"
"556";"NARIÑO";"ALDANA";1;14;"G5"
"557";"NARIÑO";"EL ROSARIO";4;18;"G5"
"558";"NARIÑO";"IMUES";3;13;"G5"
"559";"NARIÑO";"LA FLORIDA";4;22;"G5"
"560";"NARIÑO";"LA LLANADA";1;9;"G5"
"561";"NARIÑO";"LA TOLA";1;11;"G5"
"562";"NARIÑO";"MAGUI (PAYAN)";1;9;"G5"
"563";"NARIÑO";"MALLAMA (PIEDRANCHA)";1;9;"G5"
"564";"NARIÑO";"PROVIDENCIA";1;12;"G5"
"565";"NORTE DE SAN";"BUCARASICA";3;11;"G5"
"566";"NORTE DE SAN";"LOS PATIOS";13;222;"G5"
"567";"PUTUMAYO";"PUERTO LEGUIZAMO";2;37;"G5"
"568";"QUINDIO";"ARMENIA";43;712;"G5"
"569";"QUINDIO";"GENOVA";1;21;"G5"
"570";"RISARALDA";"MISTRATO";3;34;"G5"
"571";"SANTANDER";"BUCARAMANGA";69;1443;"G5"
"572";"SANTANDER";"CERRITO";1;14;"G5"
"573";"SANTANDER";"CONTRATACION";1;8;"G5"
"574";"SANTANDER";"PALMAS DEL SOCORRO";1;7;"G5"
"575";"SANTANDER";"SAN BENITO";2;9;"G5"
"576";"SUCRE";"SAN JUAN DE BETULIA (BETULIA)";2;29;"G5"
"577";"TOLIMA";"DOLORES";2;16;"G5"
"578";"TOLIMA";"NATAGAIMA";2;42;"G5"
"579";"TOLIMA";"ORTEGA";8;59;"G5"
"580";"TOLIMA";"PLANADAS";3;56;"G5"
"581";"TOLIMA";"SANTA ISABEL";2;16;"G5"
"582";"VALLE";"ANDALUCIA";2;51;"G5"
"583";"VALLE";"GUACARI";6;77;"G5"
"584";"VALLE";"RIOFRIO";3;39;"G5"
"585";"VAUPES";"CARURU";1;5;"G5"
"586";"VICHADA";"SANTA ROSALIA";1;8;"G5"
"587";"ANTIOQUIA";"LIBORINA";2;22;"G6"
"588";"ANTIOQUIA";"URRAO";4;61;"G6"
"589";"ATLANTICO";"MALAMBO";9;216;"G6"
"590";"ATLANTICO";"PALMAR DE VARELA";1;58;"G6"
"591";"BOYACA";"AQUITANIA (PUEBLOVIEJO)";2;32;"G6"
"592";"BOYACA";"BOAVITA";1;13;"G6"
"593";"BOYACA";"CHINAVITA";1;9;"G6"
"594";"BOYACA";"CUITIVA";1;4;"G6"
"595";"BOYACA";"EL COCUY";1;9;"G6"
"596";"BOYACA";"PANQUEBA";1;5;"G6"
"597";"BOYACA";"PAYA";1;3;"G6"
"598";"BOYACA";"RAMIRIQUI";1;23;"G6"
"599";"BOYACA";"SOCOTA";1;13;"G6"
"600";"CALDAS";"AGUADAS";2;46;"G6"
"601";"CAQUETA";"VALPARAISO";1;15;"G6"
"602";"CASANARE";"SACAMA";1;5;"G6"
"603";"CASANARE";"YOPAL";18;311;"G6"
"604";"CAUCA";"JAMBALO";4;24;"G6"
"605";"CAUCA";"POPAYAN";41;632;"G6"
"606";"CAUCA";"SILVIA";8;57;"G6"
"607";"CAUCA";"SOTARA (PAISPAMBA)";4;16;"G6"
"608";"CESAR";"CHIMICHAGUA";5;57;"G6"
"609";"CUNDINAMARCA";"APULO";1;20;"G6"
"610";"CUNDINAMARCA";"GACHETA";1;25;"G6"
"611";"CUNDINAMARCA";"GAMA";1;8;"G6"
"612";"CUNDINAMARCA";"MADRID";12;158;"G6"
"613";"CUNDINAMARCA";"TOCAIMA";1;36;"G6"
"614";"CUNDINAMARCA";"ZIPACON";2;13;"G6"
"615";"MAGDALENA";"GUAMAL";7;48;"G6"
"616";"NORTE DE SAN";"SALAZAR";2;18;"G6"
"617";"SANTANDER";"EL CARMEN";3;21;"G6"
"618";"SANTANDER";"FLORIAN";1;12;"G6"
"619";"SANTANDER";"GUACA";1;8;"G6"
"620";"SANTANDER";"PUERTO WILCHES";4;55;"G6"
"621";"SANTANDER";"SAN GIL";11;116;"G6"
"622";"SUCRE";"SINCELEJO";31;543;"G6"
"623";"TOLIMA";"CARMEN DE APICALA";1;25;"G6"
"624";"VALLE";"CANDELARIA";17;194;"G6"
"625";"AMAZONAS";"LA PEDRERA";1;3;"G7"
"626";"ANTIOQUIA";"GOMEZ PLATA";1;21;"G7"
"627";"ANTIOQUIA";"GUADALUPE";1;15;"G7"
"628";"BOGOTA D.C.";"BOGOTA. D.C.";608;15407;"G7"
"629";"BOLIVAR";"SANTA ROSA";1;40;"G7"
"630";"BOYACA";"MACANAL";1;9;"G7"
"631";"BOYACA";"TIPACOQUE";1;9;"G7"
"632";"BOYACA";"TOPAGA";1;7;"G7"
"633";"BOYACA";"TUNJA";16;331;"G7"
"634";"CALDAS";"MARMATO";4;18;"G7"
"635";"CESAR";"PELAYA";3;41;"G7"
"636";"CHOCO";"EL LITORAL DEL SAN JUAN";3;13;"G7"
"637";"CHOCO";"QUIBDO";11;207;"G7"
"638";"CORDOBA";"VALENCIA";7;67;"G7"
"639";"CUNDINAMARCA";"CHIPAQUE";1;22;"G7"
"640";"GUAVIARE";"SAN JOSE DEL GUAVIARE";6;114;"G7"
"641";"HUILA";"BARAYA";1;14;"G7"
"642";"MAGDALENA";"PEDRAZA";4;27;"G7"
"643";"NARIÑO";"EL CHARCO";4;34;"G7"
"644";"NARIÑO";"ROBERTO PAYAN (SAN JOSE)";2;14;"G7"
"645";"SANTANDER";"VELEZ";1;40;"G7"
"646";"SUCRE";"LOS PALMITOS";6;54;"G7"
"647";"TOLIMA";"RONCESVALLES";2;12;"G7"
"648";"ANTIOQUIA";"ANGELOPOLIS";2;18;"G8"
"649";"ANTIOQUIA";"ANORI";2;29;"G8"
"650";"ANTIOQUIA";"BOLIVAR";6;70;"G8"
"651";"ANTIOQUIA";"BURITICA";2;18;"G8"
"652";"ANTIOQUIA";"GUATAPE";1;20;"G8"
"653";"ANTIOQUIA";"PUERTO TRIUNFO";5;39;"G8"
"654";"ANTIOQUIA";"SAN JERONIMO";2;33;"G8"
"655";"ARAUCA";"SARAVENA";6;98;"G8"
"656";"ATLANTICO";"POLONUEVO";2;37;"G8"
"657";"ATLANTICO";"PONEDERA";4;52;"G8"
"658";"ATLANTICO";"SUAN";1;29;"G8"
"659";"BOLIVAR";"MARGARITA";4;18;"G8"
"660";"BOLIVAR";"MOMPOS";12;89;"G8"
"661";"BOLIVAR";"VILLANUEVA";2;44;"G8"
"662";"BOYACA";"BUSBANZA";1;3;"G8"
"663";"BOYACA";"CHIQUINQUIRA";8;117;"G8"
"664";"BOYACA";"DUITAMA";17;236;"G8"
"665";"BOYACA";"GUATEQUE";1;26;"G8"
"666";"BOYACA";"GUICAN";1;8;"G8"
"667";"BOYACA";"OICATA";1;8;"G8"
"668";"BOYACA";"SOGAMOSO";13;250;"G8"
"669";"BOYACA";"SORA";1;8;"G8"
"670";"BOYACA";"TUTAZA";1;4;"G8"
"671";"BOYACA";"UMBITA";1;17;"G8"
"672";"CALDAS";"MANZANARES";1;39;"G8"
"673";"CAQUETA";"PUERTO RICO";4;53;"G8"
"674";"CAQUETA";"SAN VICENTE DEL CAGUAN";13;95;"G8"
"675";"CAQUETA";"SOLITA";1;17;"G8"
"676";"CAUCA";"MORALES";8;55;"G8"
"677";"CAUCA";"PAEZ (BELALCAZAR)";10;47;"G8"
"678";"CAUCA";"TIMBIQUI";3;20;"G8"
"679";"CESAR";"VALLEDUPAR";42;796;"G8"
"680";"CHOCO";"ACANDI";2;21;"G8"
"681";"CHOCO";"MEDIO ATRATO (BETE)";2;8;"G8"
"682";"CHOCO";"RIO QUITO (PAIMADO)";4;17;"G8"
"683";"CONSULADOS";"ARGENTINA";1;13;"G8"
"684";"CORDOBA";"CHINU";10;83;"G8"
"685";"CORDOBA";"LORICA";35;254;"G8"
"686";"CORDOBA";"MONTELIBANO";10;147;"G8"
"687";"CORDOBA";"TUCHIN";6;64;"G8"
"688";"CUNDINAMARCA";"ALBAN";1;15;"G8"
"689";"CUNDINAMARCA";"CHAGUANI";1;11;"G8"
"690";"CUNDINAMARCA";"COGUA";1;39;"G8"
"691";"CUNDINAMARCA";"GUAYABETAL";1;13;"G8"
"692";"CUNDINAMARCA";"PULI";1;7;"G8"
"693";"CUNDINAMARCA";"RICAURTE";1;31;"G8"
"694";"CUNDINAMARCA";"SUSA";1;15;"G8"
"695";"CUNDINAMARCA";"SUTATAUSA";1;10;"G8"
"696";"CUNDINAMARCA";"TIBIRITA";1;9;"G8"
"697";"CUNDINAMARCA";"UBAQUE";1;17;"G8"
"698";"GUAINIA";"BARRANCO MINAS";1;6;"G8"
"699";"GUAVIARE";"EL RETORNO";3;27;"G8"
"700";"HUILA";"PAICOL";1;14;"G8"
"701";"MAGDALENA";"NUEVA GRANADA";5;44;"G8"
"702";"META";"PUERTO GAITAN";5;74;"G8"
"703";"NARIÑO";"GUACHUCAL";3;40;"G8"
"704";"NARIÑO";"OLAYA HERRERA";1;29;"G8"
"705";"NORTE DE SAN";"CUCUTA";64;1571;"G8"
"706";"NORTE DE SAN";"DURANIA";1;12;"G8"
"707";"NORTE DE SAN";"SANTIAGO";1;9;"G8"
"708";"RISARALDA";"GUATICA";3;29;"G8"
"709";"RISARALDA";"SANTA ROSA DE CABAL";10;149;"G8"
"710";"SANTANDER";"FLORIDABLANCA";33;543;"G8"
"711";"SANTANDER";"LEBRIJA";7;75;"G8"
"712";"TOLIMA";"FALAN";2;18;"G8"
"713";"TOLIMA";"SUAREZ";1;11;"G8"
"714";"TOLIMA";"VILLARRICA";1;13;"G8"
"715";"VALLE";"BUENAVENTURA";37;581;"G8"
"716";"VALLE";"RESTREPO";1;30;"G8"
"717";"VICHADA";"PUERTO CARREÑO";2;50;"G8"
"718";"AMAZONAS";"TARAPACA";1;4;"G9"
"719";"ANTIOQUIA";"ANGOSTURA";1;24;"G9"
"720";"ANTIOQUIA";"CONCORDIA";1;42;"G9"
"721";"ANTIOQUIA";"LA ESTRELLA";8;146;"G9"
"722";"ANTIOQUIA";"YOLOMBO";4;46;"G9"
"723";"BOLIVAR";"ARROYO HONDO";2;20;"G9"
"724";"BOLIVAR";"CORDOBA";7;40;"G9"
"725";"BOLIVAR";"SAN JUAN NEPOMUCENO";6;88;"G9"
"726";"BOLIVAR";"TURBACO";12;159;"G9"
"727";"BOYACA";"CERINZA";1;10;"G9"
"728";"BOYACA";"CIENEGA";1;11;"G9"
"729";"BOYACA";"CORRALES";1;7;"G9"
"730";"BOYACA";"GARAGOA";1;33;"G9"
"731";"BOYACA";"MONGUA";1;10;"G9"
"732";"BOYACA";"PISBA";1;3;"G9"
"733";"BOYACA";"SANTA ROSA DE VITERBO";1;22;"G9"
"734";"BOYACA";"SATIVANORTE";1;7;"G9"
"735";"BOYACA";"TUNUNGUA";1;4;"G9"
"736";"BOYACA";"TUTA";1;20;"G9"
"737";"CALDAS";"ANSERMA";8;76;"G9"
"738";"CALDAS";"MANIZALES";56;927;"G9"
"739";"CAUCA";"MERCADERES";4;31;"G9"
"740";"CAUCA";"PURACE (COCONUCO)";4;25;"G9"
"741";"CAUCA";"SUCRE";1;7;"G9"
"742";"CAUCA";"VILLA RICA";2;40;"G9"
"743";"CESAR";"LA GLORIA";5;31;"G9"
"744";"CESAR";"PUEBLO BELLO";5;51;"G9"
"745";"CESAR";"RIO DE ORO";2;33;"G9"
"746";"CHOCO";"NOVITA";1;8;"G9"
"747";"CHOCO";"TADO";3;32;"G9"
"748";"CONSULADOS";"ARUBA";1;5;"G9"
"749";"CONSULADOS";"ESTADOS UNIDOS";40;357;"G9"
"750";"CONSULADOS";"INGLATERRA";1;17;"G9"
"751";"CONSULADOS";"MEXICO";1;8;"G9"
"752";"CORDOBA";"PUEBLO NUEVO";10;62;"G9"
"753";"CORDOBA";"SAN PELAYO";13;109;"G9"
"754";"CUNDINAMARCA";"ANAPOIMA";3;35;"G9"
"755";"CUNDINAMARCA";"FUQUENE";2;12;"G9"
"756";"CUNDINAMARCA";"GUACHETA";1;24;"G9"
"757";"CUNDINAMARCA";"GUADUAS";3;63;"G9"
"758";"CUNDINAMARCA";"LA PALMA";1;22;"G9"
"759";"CUNDINAMARCA";"LA PEÑA";1;17;"G9"
"760";"CUNDINAMARCA";"MACHETA";1;18;"G9"
"761";"CUNDINAMARCA";"MEDINA";1;15;"G9"
"762";"CUNDINAMARCA";"SOACHA";35;618;"G9"
"763";"CUNDINAMARCA";"SUBACHOQUE";2;32;"G9"
"764";"CUNDINAMARCA";"UNE";1;18;"G9"
"765";"GUAVIARE";"MIRAFLORES";1;8;"G9"
"766";"HUILA";"PITALITO";19;257;"G9"
"767";"HUILA";"YAGUARA";1;19;"G9"
"768";"LA GUAJIRA";"HATONUEVO";1;41;"G9"
"769";"LA GUAJIRA";"URIBIA";21;294;"G9"
"770";"LA GUAJIRA";"VILLANUEVA";1;53;"G9"
"771";"MAGDALENA";"CONCORDIA";4;32;"G9"
"772";"MAGDALENA";"SALAMINA";2;22;"G9"
"773";"META";"SAN JUAN DE ARAMA";1;14;"G9"
"774";"NARIÑO";"BARBACOAS";2;39;"G9"
"775";"NARIÑO";"COLON (GENOVA)";3;16;"G9"
"776";"NARIÑO";"FUNES";1;10;"G9"
"777";"NARIÑO";"ILES";1;16;"G9"
"778";"NARIÑO";"MOSQUERA";1;10;"G9"
"779";"NARIÑO";"POLICARPA";5;24;"G9"
"780";"NARIÑO";"SANTACRUZ (GUACHAVES)";1;13;"G9"
"781";"NORTE DE SAN";"CACOTA";1;6;"G9"
"782";"NORTE DE SAN";"CHINACOTA";1;33;"G9"
"783";"PUTUMAYO";"COLON";2;13;"G9"
"784";"PUTUMAYO";"PUERTO ASIS";13;124;"G9"
"785";"PUTUMAYO";"SIBUNDOY";1;30;"G9"
"786";"QUINDIO";"QUIMBAYA";8;77;"G9"
"787";"RISARALDA";"LA VIRGINIA";6;81;"G9"
"788";"RISARALDA";"MARSELLA";2;40;"G9"
"789";"RISARALDA";"PEREIRA";60;1128;"G9"
"790";"RISARALDA";"PUEBLO RICO";2;25;"G9"
"791";"SAN ANDRES";"PROVIDENCIA";1;12;"G9"
"792";"SAN ANDRES";"SAN ANDRES";6;121;"G9"
"793";"SANTANDER";"GIRON";24;324;"G9"
"794";"SANTANDER";"GUEPSA";1;12;"G9"
"795";"SANTANDER";"SANTA BARBARA";2;6;"G9"
"796";"SUCRE";"COLOSO (RICAURTE)";1;17;"G9"
"797";"SUCRE";"PALMITO";3;24;"G9"
"798";"SUCRE";"SINCE";6;72;"G9"
"799";"TOLIMA";"CHAPARRAL";9;89;"G9"
"800";"TOLIMA";"FLANDES";2;50;"G9"
"801";"TOLIMA";"MURILLO";1;10;"G9"
"802";"TOLIMA";"SAN LUIS";3;29;"G9"
"803";"VALLE";"BOLIVAR";5;35;"G9"
"804";"VALLE";"GINEBRA";3;44;"G9"
"805";"VALLE";"JAMUNDI";23;263;"G9"
"806";"VALLE";"PALMIRA";70;751;"G9"
"807";"VALLE";"TORO";2;32;"G9"
"808";"VALLE";"VERSALLES";2;17;"G9"
"809";"ANTIOQUIA";"MEDELLIN";162;4265;"G10"
"810";"BOLIVAR";"CLEMENCIA";1;28;"G10"
"811";"BOLIVAR";"SAN CRISTOBAL";2;21;"G10"
"812";"CESAR";"AGUSTIN CODAZZI";8;123;"G10"
"813";"CESAR";"SAN MARTIN";3;36;"G10"
"814";"CONSULADOS";"CHILE";3;16;"G10"
"815";"CONSULADOS";"VENEZUELA";23;325;"G10"
"816";"CORDOBA";"MONTERIA";58;878;"G10"
"817";"CUNDINAMARCA";"PACHO";2;61;"G10"
"818";"META";"VILLAVICENCIO";61;981;"G10"
"819";"SANTANDER";"CEPITA";1;3;"G10"
"820";"SANTANDER";"MATANZA";2;10;"G10"
"821";"TOLIMA";"ATACO";5;31;"G10"
"822";"VALLE";"SEVILLA";7;81;"G10"
"823";"VALLE";"VIJES";1;22;"G10"
"824";"ANTIOQUIA";"BELMIRA";2;13;"G11"
"825";"ANTIOQUIA";"FRONTINO";3;42;"G11"
"826";"ANTIOQUIA";"GIRALDO";1;10;"G11"
"827";"ANTIOQUIA";"GRANADA";1;28;"G11"
"828";"ANTIOQUIA";"HELICONIA";3;17;"G11"
"829";"ANTIOQUIA";"JARDIN";1;33;"G11"
"830";"ANTIOQUIA";"TARSO";1;17;"G11"
"831";"ANTIOQUIA";"VALDIVIA";2;34;"G11"
"832";"ANTIOQUIA";"VALPARAISO";1;16;"G11"
"833";"ANTIOQUIA";"YALI";1;18;"G11"
"834";"ATLANTICO";"BARRANQUILLA";119;3024;"G11"
"835";"BOLIVAR";"PINILLOS";6;33;"G11"
"836";"BOLIVAR";"TURBANA";2;40;"G11"
"837";"BOYACA";"CHIVOR";1;5;"G11"
"838";"BOYACA";"COVARACHIA";1;6;"G11"
"839";"BOYACA";"CUBARA";1;12;"G11"
"840";"BOYACA";"GAMEZA";1;11;"G11"
"841";"BOYACA";"PUERTO BOYACA";9;101;"G11"
"842";"BOYACA";"RAQUIRA";1;11;"G11"
"843";"BOYACA";"SAN LUIS DE GACENO";1;9;"G11"
"844";"BOYACA";"TOCA";1;21;"G11"
"845";"CALDAS";"NEIRA";1;56;"G11"
"846";"CAQUETA";"ALBANIA";1;10;"G11"
"847";"CASANARE";"HATO COROZAL";1;13;"G11"
"848";"CASANARE";"PORE";1;18;"G11"
"849";"CAUCA";"SAN SEBASTIAN";4;18;"G11"
"850";"CESAR";"AGUACHICA";12;176;"G11"
"851";"CESAR";"ASTREA";2;39;"G11"
"852";"CESAR";"GONZALEZ";1;6;"G11"
"853";"CONSULADOS";"PANAMA";1;19;"G11"
"854";"CONSULADOS";"SUECIA";1;3;"G11"
"855";"CORDOBA";"SAN BERNARDO DEL VIENTO";12;74;"G11"
"856";"CORDOBA";"TIERRALTA";17;161;"G11"
"857";"CUNDINAMARCA";"ARBELAEZ";1;26;"G11"
"858";"CUNDINAMARCA";"FACATATIVA";13;247;"G11"
"859";"CUNDINAMARCA";"FOMEQUE";1;26;"G11"
"860";"CUNDINAMARCA";"GACHALA";1;12;"G11"
"861";"CUNDINAMARCA";"GACHANCIPA";1;27;"G11"
"862";"CUNDINAMARCA";"MOSQUERA";11;185;"G11"
"863";"CUNDINAMARCA";"NOCAIMA";1;15;"G11"
"864";"CUNDINAMARCA";"SAN ANTONIO DEL TEQUENDAMA";2;25;"G11"
"865";"CUNDINAMARCA";"SUPATA";1;12;"G11"
"866";"CUNDINAMARCA";"TABIO";1;44;"G11"
"867";"CUNDINAMARCA";"VILLAPINZON";1;37;"G11"
"868";"CUNDINAMARCA";"VIOTA";3;31;"G11"
"869";"HUILA";"GIGANTE";4;52;"G11"
"870";"LA GUAJIRA";"DISTRACCION";3;24;"G11"
"871";"LA GUAJIRA";"MANAURE";13;157;"G11"
"872";"MAGDALENA";"ZAPAYAN";4;22;"G11"
"873";"META";"ACACIAS";14;163;"G11"
"874";"META";"PUERTO CONCORDIA";1;16;"G11"
"875";"META";"SAN CARLOS DE GUAROA";3;25;"G11"
"876";"NARIÑO";"ARBOLEDA (BERRUECOS)";2;14;"G11"
"877";"NORTE DE SAN";"CUCUTILLA";1;16;"G11"
"878";"PUTUMAYO";"ORITO";6;71;"G11"
"879";"QUINDIO";"PIJAO";1;16;"G11"
"880";"RISARALDA";"BALBOA";1;12;"G11"
"881";"RISARALDA";"BELEN DE UMBRIA";3;57;"G11"
"882";"RISARALDA";"LA CELIA";1;18;"G11"
"883";"SANTANDER";"CHARTA";1;7;"G11"
"884";"SANTANDER";"CHIPATA";1;13;"G11"
"885";"SANTANDER";"EL PEÑON";1;6;"G11"
"886";"SANTANDER";"HATO";1;5;"G11"
"887";"SANTANDER";"SAN JOAQUIN";1;7;"G11"
"888";"SANTANDER";"SAN JOSE DE MIRANDA";1;9;"G11"
"889";"SANTANDER";"SURATA";1;6;"G11"
"890";"SUCRE";"SAMPUES";12;87;"G11"
"891";"TOLIMA";"CASABIANCA";2;15;"G11"
"892";"TOLIMA";"CUNDAY";3;18;"G11"
"893";"TOLIMA";"FRESNO";6;68;"G11"
"894";"TOLIMA";"RIOBLANCO";3;39;"G11"
"895";"TOLIMA";"ROVIRA";4;48;"G11"
"896";"VALLE";"ANSERMANUEVO";5;49;"G11"
"897";"VALLE";"DAGUA";10;89;"G11"
"898";"VALLE";"EL CAIRO";2;15;"G11"
"899";"AMAZONAS";"EL ENCANTO";1;3;"G12"
"900";"AMAZONAS";"PUERTO NARIÑO";1;12;"G12"
"901";"ANTIOQUIA";"ANTIOQUIA";1;52;"G12"
"902";"ANTIOQUIA";"CARACOLI";1;13;"G12"
"903";"ANTIOQUIA";"CAROLINA";1;12;"G12"
"904";"ANTIOQUIA";"COPACABANA";8;186;"G12"
"905";"ANTIOQUIA";"FREDONIA";1;43;"G12"
"906";"ANTIOQUIA";"LA PINTADA";1;20;"G12"
"907";"ANTIOQUIA";"MURINDO";1;7;"G12"
"908";"ANTIOQUIA";"SABANALARGA";2;20;"G12"
"909";"ANTIOQUIA";"SAN RAFAEL";1;34;"G12"
"910";"ANTIOQUIA";"SONSON";7;69;"G12"
"911";"ATLANTICO";"MANATI";1;40;"G12"
"912";"ATLANTICO";"PIOJO";2;14;"G12"
"913";"ATLANTICO";"PUERTO COLOMBIA";6;99;"G12"
"914";"ATLANTICO";"SANTA LUCIA";2;31;"G12"
"915";"ATLANTICO";"USIACURI";1;23;"G12"
"916";"BOLIVAR";"MARIA LA BAJA";12;109;"G12"
"917";"BOLIVAR";"RIOVIEJO";1;13;"G12"
"918";"BOLIVAR";"SAN FERNANDO";4;18;"G12"
"919";"BOYACA";"ALMEIDA";1;6;"G12"
"920";"BOYACA";"BERBEO";1;5;"G12"
"921";"BOYACA";"BOYACA";1;13;"G12"
"922";"BOYACA";"BRICEÑO";1;7;"G12"
"923";"BOYACA";"CHIVATA";1;8;"G12"
"924";"BOYACA";"MARIPI";3;17;"G12"
"925";"BOYACA";"NOBSA";2;34;"G12"
"926";"BOYACA";"SAMACA";2;40;"G12"
"927";"BOYACA";"SOMONDOCO";1;8;"G12"
"928";"BOYACA";"TASCO";1;14;"G12"
"929";"BOYACA";"TIBANA";1;18;"G12"
"930";"BOYACA";"TIBASOSA";1;25;"G12"
"931";"BOYACA";"ZETAQUIRA";1;11;"G12"
"932";"CALDAS";"PENSILVANIA";4;43;"G12"
"933";"CAQUETA";"CARTAGENA DEL CHAIRA";3;55;"G12"
"934";"CASANARE";"LA SALINA";1;3;"G12"
"935";"CASANARE";"MONTERREY";1;29;"G12"
"936";"CASANARE";"PAZ DE ARIPORO (MORENO)";5;64;"G12"
"937";"CASANARE";"RECETOR";1;3;"G12"
"938";"CASANARE";"SABANALARGA";1;7;"G12"
"939";"CASANARE";"SAN LUIS DE PALENQUE";1;13;"G12"
"940";"CAUCA";"CALDONO";9;64;"G12"
"941";"CAUCA";"FLORENCIA";1;11;"G12"
"942";"CAUCA";"GUAPI";2;36;"G12"
"943";"CAUCA";"LA VEGA";7;35;"G12"
"944";"CAUCA";"SANTANDER DE QUILICHAO";19;204;"G12"
"945";"CAUCA";"SUAREZ";6;41;"G12"
"946";"CESAR";"TAMALAMEQUE";4;27;"G12"
"947";"CHOCO";"BAGADO";2;16;"G12"
"948";"CHOCO";"BAJO BAUDO (PIZARRO)";3;16;"G12"
"949";"CHOCO";"MEDIO BAUDO (PUERTO MELUK)";3;12;"G12"
"950";"CHOCO";"NUQUI";2;12;"G12"
"951";"CHOCO";"SAN JOSE DEL PALMAR";2;9;"G12"
"952";"CONSULADOS";"COSTA RICA";1;12;"G12"
"953";"CONSULADOS";"SUIZA";1;4;"G12"
"954";"CORDOBA";"BUENAVISTA";6;47;"G12"
"955";"CORDOBA";"LOS CORDOBAS";7;42;"G12"
"956";"CORDOBA";"MOMIL";3;40;"G12"
"957";"CUNDINAMARCA";"CACHIPAY";2;26;"G12"
"958";"CUNDINAMARCA";"CUCUNUBA";1;12;"G12"
"959";"CUNDINAMARCA";"FOSCA";2;16;"G12"
"960";"CUNDINAMARCA";"SAN FRANCISCO";1;24;"G12"
"961";"CUNDINAMARCA";"SIBATE";4;73;"G12"
"962";"CUNDINAMARCA";"SUESCA";1;27;"G12"
"963";"CUNDINAMARCA";"TAUSA";1;16;"G12"
"964";"CUNDINAMARCA";"TIBACUY";2;10;"G12"
"965";"CUNDINAMARCA";"ZIPAQUIRA";11;232;"G12"
"966";"HUILA";"HOBO";1;17;"G12"
"967";"HUILA";"TARQUI";5;35;"G12"
"968";"HUILA";"TESALIA (CARNICERIAS)";2;23;"G12"
"969";"HUILA";"TIMANA";2;43;"G12"
"970";"MAGDALENA";"CERRO DE SAN ANTONIO";4;25;"G12"
"971";"MAGDALENA";"PIVIJAY";10;75;"G12"
"972";"MAGDALENA";"REMOLINO";1;14;"G12"
"973";"MAGDALENA";"SITIONUEVO";3;51;"G12"
"974";"META";"CUBARRAL";1;15;"G12"
"975";"META";"URIBE";2;13;"G12"
"976";"NARIÑO";"CONSACA";2;13;"G12"
"977";"NARIÑO";"LINARES";3;20;"G12"
"978";"NARIÑO";"SANDONA";3;39;"G12"
"979";"NARIÑO";"SANTA BARBARA (ISCUANDE)";1;14;"G12"
"980";"NARIÑO";"TANGUA";4;23;"G12"
"981";"NORTE DE SAN";"LA PLAYA";3;19;"G12"
"982";"NORTE DE SAN";"SAN CAYETANO";2;22;"G12"
"983";"NORTE DE SAN";"VILLA CARO";1;10;"G12"
"984";"PUTUMAYO";"VILLAGARZON";2;46;"G12"
"985";"QUINDIO";"BUENAVISTA";1;8;"G12"
"986";"SANTANDER";"ALBANIA";1;4;"G12"
"987";"SANTANDER";"GAMBITA";1;7;"G12"
"988";"SANTANDER";"JESUS MARIA";1;8;"G12"
"989";"SANTANDER";"SABANA DE TORRES";4;61;"G12"
"990";"SANTANDER";"SAN ANDRES";1;11;"G12"
"991";"SANTANDER";"VETAS";1;5;"G12"
"992";"SUCRE";"CHALAN";1;12;"G12"
"993";"SUCRE";"MAJAGUAL";9;57;"G12"
"994";"SUCRE";"TOLU";4;65;"G12"
"995";"SUCRE";"TOLUVIEJO";8;52;"G12"
"996";"TOLIMA";"ARMERO (GUAYABAL)";2;29;"G12"
"997";"TOLIMA";"PALOCABILDO";1;22;"G12"
"998";"TOLIMA";"VENADILLO";2;32;"G12"
"999";"VALLE";"BUGALAGRANDE";5;50;"G12"
"1000";"VALLE";"CALI";180;4618;"G12"
"1001";"VALLE";"ZARZAL";9;106;"G12"
"1002";"ANTIOQUIA";"ABEJORRAL";2;40;"G13"
"1003";"ANTIOQUIA";"ABRIAQUI";1;5;"G13"
"1004";"ANTIOQUIA";"ARMENIA";1;12;"G13"
"1005";"ANTIOQUIA";"BETANIA";1;23;"G13"
"1006";"ANTIOQUIA";"CAICEDO";1;17;"G13"
"1007";"ANTIOQUIA";"CHIGORODO";5;110;"G13"
"1008";"ANTIOQUIA";"CONCEPCION";1;13;"G13"
"1009";"ANTIOQUIA";"EL BAGRE";6;108;"G13"
"1010";"ANTIOQUIA";"ENTRERRIOS";1;24;"G13"
"1011";"ANTIOQUIA";"ITUANGO";3;42;"G13"
"1012";"ANTIOQUIA";"NECOCLI";9;99;"G13"
"1013";"ANTIOQUIA";"OLAYA";2;7;"G13"
"1014";"ANTIOQUIA";"PUEBLORRICO";1;21;"G13"
"1015";"ANTIOQUIA";"SAN JUAN DE URABA";7;55;"G13"
"1016";"ANTIOQUIA";"SEGOVIA";5;79;"G13"
"1017";"ANTIOQUIA";"SOPETRAN";1;29;"G13"
"1018";"ANTIOQUIA";"ZARAGOZA";4;56;"G13"
"1019";"ARAUCA";"ARAUQUITA";7;84;"G13"
"1020";"ARAUCA";"FORTUL";3;34;"G13"
"1021";"ATLANTICO";"REPELON";3;52;"G13"
"1022";"BOLIVAR";"BARRANCO DE LOBA";4;29;"G13"
"1023";"BOLIVAR";"CARTAGENA";64;2104;"G13"
"1024";"BOLIVAR";"EL GUAMO";3;21;"G13"
"1025";"BOLIVAR";"SAN MARTIN DE LOBA";4;32;"G13"
"1026";"BOYACA";"BETEITIVA";2;7;"G13"
"1027";"BOYACA";"BUENAVISTA";1;11;"G13"
"1028";"BOYACA";"GUAYATA";1;11;"G13"
"1029";"BOYACA";"IZA";1;7;"G13"
"1030";"BOYACA";"JERICO";1;7;"G13"
"1031";"BOYACA";"MOTAVITA";2;16;"G13"
"1032";"BOYACA";"NUEVO COLON";1;14;"G13"
"1033";"BOYACA";"RONDON";1;6;"G13"
"1034";"BOYACA";"SAN MIGUEL DE SEMA";1;8;"G13"
"1035";"BOYACA";"SOCHA";1;17;"G13"
"1036";"BOYACA";"SUSACON";1;7;"G13"
"1037";"BOYACA";"SUTATENZA";1;11;"G13"
"1038";"BOYACA";"VIRACACHA";1;8;"G13"
"1039";"CALDAS";"ARANZAZU";1;32;"G13"
"1040";"CALDAS";"CHINCHINA";7;111;"G13"
"1041";"CALDAS";"FILADELFIA";2;23;"G13"
"1042";"CAQUETA";"CURILLO";1;21;"G13"
"1043";"CAQUETA";"EL DONCELLO";1;42;"G13"
"1044";"CAQUETA";"SAN JOSE DEL FRAGUA";2;24;"G13"
"1045";"CASANARE";"MANI";1;26;"G13"
"1046";"CAUCA";"BUENOS AIRES";7;39;"G13"
"1047";"CAUCA";"CAJIBIO";12;70;"G13"
"1048";"CAUCA";"GUACHENE";7;38;"G13"
"1049";"CAUCA";"ROSAS";3;23;"G13"
"1050";"CESAR";"BOSCONIA";4;79;"G13"
"1051";"CESAR";"EL PASO";4;59;"G13"
"1052";"CESAR";"GAMARRA";2;24;"G13"
"1053";"CHOCO";"CONDOTO";2;27;"G13"
"1054";"CHOCO";"EL CANTON DEL SAN PABLO (MAN.";2;11;"G13"
"1055";"CHOCO";"MEDIO SAN JUAN";3;15;"G13"
"1056";"CONSULADOS";"FRANCIA";2;13;"G13"
"1057";"CONSULADOS";"PAISES BAJOS";1;3;"G13"
"1058";"CONSULADOS";"PERU";1;5;"G13"
"1059";"CONSULADOS";"REPUBLICA DOMINICANA";1;3;"G13"
"1060";"CORDOBA";"PUERTO ESCONDIDO";9;52;"G13"
"1061";"CORDOBA";"PUERTO LIBERTADOR";8;73;"G13"
"1062";"CORDOBA";"PURISIMA";3;37;"G13"
"1063";"CUNDINAMARCA";"AGUA DE DIOS";1;28;"G13"
"1064";"CUNDINAMARCA";"ANOLAIMA";3;34;"G13"
"1065";"CUNDINAMARCA";"CABRERA";1;10;"G13"
"1066";"CUNDINAMARCA";"CAPARRAPI";3;24;"G13"
"1067";"CUNDINAMARCA";"CAQUEZA";1;41;"G13"
"1068";"CUNDINAMARCA";"CARMEN DE CARUPA";1;16;"G13"
"1069";"CUNDINAMARCA";"FUNZA";10;175;"G13"
"1070";"CUNDINAMARCA";"GIRARDOT";14;225;"G13"
"1071";"CUNDINAMARCA";"GRANADA";1;17;"G13"
"1072";"CUNDINAMARCA";"GUASCA";1;30;"G13"
"1073";"CUNDINAMARCA";"GUATAQUI";1;7;"G13"
"1074";"CUNDINAMARCA";"GUAYABAL DE SIQUIMA";1;11;"G13"
"1075";"CUNDINAMARCA";"LENGUAZAQUE";1;20;"G13"
"1076";"CUNDINAMARCA";"SAN BERNARDO";1;22;"G13"
"1077";"CUNDINAMARCA";"SAN JUAN DE RIOSECO";2;26;"G13"
"1078";"CUNDINAMARCA";"UBALA";3;22;"G13"
"1079";"CUNDINAMARCA";"VILLAGOMEZ";1;6;"G13"
"1080";"HUILA";"AGRADO";1;20;"G13"
"1081";"HUILA";"PITAL";2;27;"G13"
"1082";"HUILA";"RIVERA";3;48;"G13"
"1083";"HUILA";"SANTA MARIA";2;24;"G13"
"1084";"HUILA";"TERUEL";1;19;"G13"
"1085";"LA GUAJIRA";"BARRANCAS";7;70;"G13"
"1086";"MAGDALENA";"ALGARROBO";2;25;"G13"
"1087";"MAGDALENA";"EL RETEN";1;36;"G13"
"1088";"MAGDALENA";"PIJIÑO DEL CARMEN";3;20;"G13"
"1089";"MAGDALENA";"TENERIFE";4;30;"G13"
"1090";"MAGDALENA";"ZONA BANANERA (SEVILLA)";12;128;"G13"
"1091";"META";"CASTILLA LA NUEVA";2;31;"G13"
"1092";"META";"FUENTE DE ORO";1;21;"G13"
"1093";"META";"LA MACARENA";2;22;"G13"
"1094";"META";"MAPIRIPAN";2;12;"G13"
"1095";"NARIÑO";"ALBAN (SAN JOSE)";1;15;"G13"
"1096";"NARIÑO";"BELEN";2;15;"G13"
"1097";"NARIÑO";"CORDOBA";1;23;"G13"
"1098";"NARIÑO";"EL TAMBO";1;28;"G13"
"1099";"NARIÑO";"LA CRUZ";4;36;"G13"
"1100";"NARIÑO";"SAMANIEGO";1;40;"G13"
"1101";"NORTE DE SAN";"ABREGO";2;51;"G13"
"1102";"NORTE DE SAN";"LABATECA";1;14;"G13"
"1103";"NORTE DE SAN";"LOURDES";1;10;"G13"
"1104";"NORTE DE SAN";"PAMPLONITA";2;12;"G13"
"1105";"NORTE DE SAN";"SILOS";2;11;"G13"
"1106";"NORTE DE SAN";"TIBU";7;92;"G13"
"1107";"NORTE DE SAN";"VILLA DEL ROSARIO";17;217;"G13"
"1108";"PUTUMAYO";"MOCOA";7;101;"G13"
"1109";"PUTUMAYO";"SAN MIGUEL (LA DORADA)";2;34;"G13"
"1110";"QUINDIO";"CALARCA";10;163;"G13"
"1111";"QUINDIO";"MONTENEGRO";10;93;"G13"
"1112";"RISARALDA";"APIA";1;25;"G13"
"1113";"RISARALDA";"DOSQUEBRADAS";26;449;"G13"
"1114";"SANTANDER";"ARATOCA";1;19;"G13"
"1115";"SANTANDER";"CABRERA";1;5;"G13"
"1116";"SANTANDER";"CURITI";3;22;"G13"
"1117";"SANTANDER";"GUADALUPE";1;11;"G13"
"1118";"SANTANDER";"LA PAZ";2;10;"G13"
"1119";"SANTANDER";"MALAGA";1;43;"G13"
"1120";"SANTANDER";"MOLAGAVITA";1;5;"G13"
"1121";"SANTANDER";"OIBA";1;24;"G13"
"1122";"SANTANDER";"PINCHOTE";1;10;"G13"
"1123";"SANTANDER";"ZAPATOCA";1;20;"G13"
"1124";"SUCRE";"CAIMITO";2;18;"G13"
"1125";"SUCRE";"SUCRE";6;33;"G13"
"1126";"TOLIMA";"HONDA";5;58;"G13"
"1127";"TOLIMA";"LERIDA";2;40;"G13"
"1128";"VALLE";"BUGA";21;277;"G13"
"1129";"VALLE";"OBANDO";2;27;"G13"
"1130";"VAUPES";"MITU";2;39;"G13"
